<?xml version="1.0" encoding="UTF-8"?>
<beans
        xmlns="http://www.springframework.org/schema/beans"
        xmlns:xsi="http://www.w3.org/2001/XMLSchema-instance"
        xmlns:p="http://www.springframework.org/schema/p"
        xmlns:context="http://www.springframework.org/schema/context"
        xsi:schemaLocation="
	http://www.springframework.org/schema/beans
	http://www.springframework.org/schema/beans/spring-beans.xsd
	http://www.springframework.org/schema/context
	http://www.springframework.org/schema/context/spring-context.xsd
	">
    <context:component-scan base-package="com.aaa">
    </context:component-scan>
    <!-- 引入外部的数据源配置文件 -->
    <!--  <context:property-placeholder location="classpath:db.properties"/> -->
    <!-- 配置数据源 -->
    <bean id="dataSource"
          class="org.apache.commons.dbcp2.BasicDataSource">
        <property name="driverClassName"
                  value="com.mysql.jdbc.Driver">
        </property>
        <!-- 	<property name="url"
                  value="jdbc:mysql://134.175.138.36/mn_cs?characterEncoding=utf8">
              </property>   -->
        <property name="url"
                  value="jdbc:mysql:///test?characterEncoding=utf8">
        </property>
        <property name="username" value="root"></property><!-- 134.175.138.36 -->
        <property name="password" value="123456"></property>

    </bean>
    <!-- sqlSessionFactory -->
    <bean id="sqlSessionFactory" class="org.mybatis.spring.SqlSessionFactoryBean">
        <property name="dataSource" ref="dataSource"></property>
        <!-- 加载mybatis的配置文件 -->
        <property name="configLocation" value="classpath:mybatis-conf.xml"></property>
    </bean>
    <!-- mapper扫描器 -->
    <bean class="org.mybatis.spring.mapper.MapperScannerConfigurer">
        <!-- 扫描的包路径 -->
        <property name="basePackage" value="com.aaa.dao"></property>
        <property name="sqlSessionFactoryBeanName" value="sqlSessionFactory"></property>
    </bean>


</beans>