<?xml version="1.0" encoding="UTF-8"?>
<beans
        xmlns="http://www.springframework.org/schema/beans"
        xmlns:xsi="http://www.w3.org/2001/XMLSchema-instance"
        xmlns:p="http://www.springframework.org/schema/p"
        xmlns:context="http://www.springframework.org/schema/context"
        xmlns:mvc="http://www.springframework.org/schema/mvc"
        xsi:schemaLocation="
	http://www.springframework.org/schema/beans
	http://www.springframework.org/schema/beans/spring-beans.xsd
	http://www.springframework.org/schema/context
	http://www.springframework.org/schema/context/spring-context.xsd
	http://www.springframework.org/schema/mvc
	http://www.springframework.org/schema/mvc/spring-mvc.xsd
	">
       <!--  读取外部数据源配置文件 -->
    <context:property-placeholder location="classpath:db.properties"></context:property-placeholder>
       <!-- 数据源 -->
       <bean id="dataSource" class="org.apache.commons.dbcp2.BasicDataSource">
            <property name="driverClassName" value="${driver}"></property>
           <property name="url" value="${url}"></property>
           <property name="username" value="${username}"></property>
           <property name="password" value="${password}"></property>
       </bean>
    <!--  sqlSessionFactory -->
      <bean id="sqlSessionFactory" class="org.mybatis.spring.SqlSessionFactoryBean">
           <property name="dataSource" ref="dataSource"></property>
          <!-- 配置Mybatis配置文件 -->
          <property name="configLocation"  value="classpath:mybatis-conf.xml"></property>
      </bean>
      <!-- mapper扫描器 -->
       <bean class="org.mybatis.spring.mapper.MapperScannerConfigurer">
           <!-- 扫描路径  -->
           <property name="basePackage" value="com.aaa.dao"></property>
           <property name="sqlSessionFactoryBeanName" value="sqlSessionFactory"></property>
       </bean>
</beans>