<?xml version="1.0" encoding="UTF-8" ?>
<!DOCTYPE mapper PUBLIC "-//mybatis.org//DTD Mapper 3.0//EN"
        "http://mybatis.org/dtd/mybatis-3-mapper.dtd">
<mapper namespace="com.aaa.dao.StuDao">
  <select id="selectStu" resultType="java.util.Map" >
        select * from stu join clazz on stu.claid=clazz.claid
  </select>
    <insert id="addStu" parameterType="java.util.Map">
        insert into stu(sname,claid) values (#{sname},#{claid})
    </insert>
    <delete id="deleteStu" parameterType="int">
        delete from stu where stuid=#{stuid}
    </delete>
    <update id="modifyStu" parameterType="java.util.Map">
        update stu set sname=#{sname} where stuid=#{stuid}
    </update>

</mapper>